4,ERASE
0,BOOT,cold,-1,2669
0,CALIB,enter,-1,2669
5,JOG,ok,0,-230,0,1300,0,-1
11,JOG,ok,-230,-460,0,1300,0,-1
22,CALIB,zero
28,JOG,ok,0,3022,0,1357,0,1998
30,JOG,ok,3022,3243,0,1357,0,-1
42,CALIB,open,3243,1300,1357,0
46,CLOSE,ok,3243,30,1,1300,0,1980
46,CALIB,done,30
51,CYCLE,195,231,30,keep
0,BOOT,cold,-1,3243
0,CALIB,enter,-1,3243
1,JOG,ok,0,221,0,1357,0,-1
6,JOG,ok,221,442,0,1357,0,-1
9,JOG,ok,442,212,0,1300,0,-1
0,BOOT,cold,-1,3243
0,CALIB,enter,-1,3243
3,JOG,ok,0,-506,1,1300,0,1979
14,CALIB,zero
20,JOG,ok,0,3099,0,1357,0,1999
22,JOG,ok,3099,3320,0,1357,0,-1
34,CALIB,open,3320,1300,1357,0
38,CLOSE,ok,3320,30,0,1300,0,1978
39,CALIB,done,30
44,CYCLE,164,229,30,keep
59,BOOT,button,30,3320
60,MANUAL,open,30
65,OPEN,ok,30,3320,0,1357,0,1996
72,BOOT,button,3320,3320
73,MANUAL,close,3320
77,CLOSE,ok,3320,30,0,1300,0,1976
678,BOOT,timer,30,3320
683,CYCLE,1268,4095,30,keep
1283,BOOT,timer,30,3320
1288,CYCLE,2756,4095,30,open
1349,VERIFY,confirmed,6
1353,OPEN,ok,30,3320,0,1357,0,2001
1954,BOOT,timer,3320,3320
1959,CYCLE,142,169,3320,close
2019,VERIFY,confirmed,6
2023,CLOSE,ok,3320,30,1,1300,0,1999
2624,BOOT,timer,30,3320
2629,CYCLE,310,496,30,keep
3229,BOOT,timer,30,3320
3234,CYCLE,347,579,30,keep
3834,BOOT,timer,30,3320
3839,CYCLE,386,693,30,keep
4439,BOOT,timer,30,3320
4444,CYCLE,411,754,30,keep
5044,BOOT,timer,30,3320
5049,CYCLE,432,802,30,keep
5649,BOOT,timer,30,3320
5655,CYCLE,442,818,30,keep
6255,BOOT,timer,30,3320
6260,CYCLE,453,850,30,keep
6860,BOOT,timer,30,3320
6865,CYCLE,515,1025,30,keep
7465,BOOT,timer,30,3320
7470,CYCLE,557,4095,30,keep
8070,BOOT,timer,30,3320
8075,CYCLE,725,4095,30,keep
8675,BOOT,timer,30,3320
8680,CYCLE,835,4095,30,keep
9281,BOOT,timer,30,3320
9286,CYCLE,1154,4095,30,keep
9886,BOOT,timer,30,3320
9891,CYCLE,1480,4044,30,keep
10491,BOOT,timer,30,3320
10496,CYCLE,2957,4095,30,open
10556,VERIFY,confirmed,6
10562,OPEN,ok,30,3320,3,1416,174,2004
11162,BOOT,timer,3320,3320
11167,CYCLE,126,156,3320,close
11228,VERIFY,confirmed,6
11232,CLOSE,ok,3320,30,3,1373,174,1980
11833,BOOT,timer,30,3320
11838,CYCLE,598,4095,30,keep
12438,BOOT,timer,30,3320
12443,CYCLE,926,4095,30,keep
13043,BOOT,timer,30,3320
13048,CYCLE,2360,4095,30,open
13109,VERIFY,confirmed,6
13114,OPEN,ok,30,3320,3,1433,162,2006
13714,BOOT,timer,3320,3320
13719,CYCLE,122,153,3320,close
13780,VERIFY,confirmed,6
13785,CLOSE,ok,3320,30,4,1323,162,1987
14385,BOOT,timer,30,3320
14390,CYCLE,434,804,30,keep
14990,BOOT,timer,30,3320
14995,CYCLE,552,4095,30,keep
15595,BOOT,timer,30,3320
15600,CYCLE,710,4095,30,keep
16200,BOOT,timer,30,3320
16206,CYCLE,783,4095,30,keep
16806,BOOT,timer,30,3320
16811,CYCLE,856,4095,30,keep
17411,BOOT,timer,30,3320
17416,CYCLE,901,4095,30,keep
18016,BOOT,timer,30,3320
18021,CYCLE,981,4095,30,keep
18621,BOOT,timer,30,3320
18626,CYCLE,1123,4095,30,keep
19226,BOOT,timer,30,3320
19231,CYCLE,2019,4095,30,open
19292,VERIFY,confirmed,6
19297,OPEN,ok,30,3320,3,1436,176,1998
19897,BOOT,timer,3320,3320
19902,CYCLE,126,155,3320,close
19963,VERIFY,confirmed,6
19967,CLOSE,ok,3320,30,4,1257,176,1990
20568,BOOT,timer,30,3320
20573,CYCLE,518,1898,30,keep
21173,BOOT,timer,30,3320
21178,CYCLE,555,4095,30,keep
21778,BOOT,timer,30,3320
21783,CYCLE,604,4095,30,keep
22383,BOOT,timer,30,3320
22389,CYCLE,643,4095,30,keep
22989,BOOT,timer,30,3320
22994,CYCLE,654,4095,30,keep
23594,BOOT,timer,30,3320
23599,CYCLE,760,4095,30,keep
24199,BOOT,timer,30,3320
24204,CYCLE,772,4095,30,keep
24804,BOOT,timer,30,3320
24809,CYCLE,1179,4095,30,keep
25409,BOOT,timer,30,3320
25414,CYCLE,2525,4095,30,open
25475,VERIFY,confirmed,6
25480,OPEN,ok,30,3320,3,1435,174,2003
26080,BOOT,timer,3320,3320
26085,CYCLE,132,162,3320,close
26146,VERIFY,confirmed,6
26151,CLOSE,ok,3320,30,3,1370,174,2005
26751,BOOT,timer,30,3320
26756,CYCLE,417,724,30,keep
27356,BOOT,timer,30,3320
27361,CYCLE,452,805,30,keep
27961,BOOT,timer,30,3320
27966,CYCLE,487,896,30,keep
28567,BOOT,timer,30,3320
28572,CYCLE,501,926,30,keep
29172,BOOT,timer,30,3320
29177,CYCLE,504,938,30,keep
29777,BOOT,timer,30,3320
29782,CYCLE,541,1131,30,keep
30382,BOOT,timer,30,3320
30387,CYCLE,538,1178,30,keep
30987,BOOT,timer,30,3320
30993,CYCLE,543,1671,30,keep
31593,BOOT,timer,30,3320
31598,CYCLE,636,4095,30,keep
32198,BOOT,timer,30,3320
32203,CYCLE,678,4095,30,keep
32803,BOOT,timer,30,3320
32808,CYCLE,685,4095,30,keep
33408,BOOT,timer,30,3320
33413,CYCLE,812,4095,30,keep
34013,BOOT,timer,30,3320
34018,CYCLE,899,4095,30,keep
34618,BOOT,timer,30,3320
34624,CYCLE,948,4095,30,keep
35224,BOOT,timer,30,3320
35229,CYCLE,1022,4095,30,keep
35829,BOOT,timer,30,3320
35834,CYCLE,2036,4095,30,open
35894,VERIFY,confirmed,6
35899,OPEN,ok,30,3320,3,1441,163,2004
36500,BOOT,timer,3320,3320
36505,CYCLE,141,172,3320,close
36565,VERIFY,confirmed,6
36570,CLOSE,ok,3320,30,3,1404,163,1996
37171,BOOT,timer,30,3320
37176,CYCLE,350,566,30,keep
37776,BOOT,timer,30,3320
37781,CYCLE,391,659,30,keep
38381,BOOT,timer,30,3320
38386,CYCLE,403,689,30,keep
38986,BOOT,timer,30,3320
38991,CYCLE,401,694,30,keep
39591,BOOT,timer,30,3320
39596,CYCLE,417,742,30,keep
40197,BOOT,timer,30,3320
40202,CYCLE,435,786,30,keep
40802,BOOT,timer,30,3320
40807,CYCLE,459,837,30,keep
41407,BOOT,timer,30,3320
41412,CYCLE,462,851,30,keep
42012,BOOT,timer,30,3320
42017,CYCLE,492,915,30,keep
42617,BOOT,timer,30,3320
42622,CYCLE,525,1044,30,keep
43222,BOOT,timer,30,3320
43227,CYCLE,543,1370,30,keep
43828,BOOT,timer,30,3320
43833,CYCLE,543,2517,30,keep
44433,BOOT,timer,30,3320
44438,CYCLE,568,4095,30,keep
45038,BOOT,timer,30,3320
45043,CYCLE,617,4095,30,keep
45643,BOOT,timer,30,3320
45648,CYCLE,671,4095,30,keep
46248,BOOT,timer,30,3320
46253,CYCLE,673,4095,30,keep
46853,BOOT,timer,30,3320
46859,CYCLE,717,4095,30,keep
47459,BOOT,timer,30,3320
47464,CYCLE,728,4095,30,keep
48064,BOOT,timer,30,3320
48069,CYCLE,725,4095,30,keep
48669,BOOT,timer,30,3320
48674,CYCLE,762,4095,30,keep
49274,BOOT,timer,30,3320
49279,CYCLE,786,4095,30,keep
49879,BOOT,timer,30,3320
49885,CYCLE,824,4095,30,keep
50485,BOOT,timer,30,3320
50490,CYCLE,904,4095,30,keep
51090,BOOT,timer,30,3320
51095,CYCLE,1717,4095,30,keep
51695,BOOT,timer,30,3320
51700,CYCLE,1914,4095,30,keep
52300,BOOT,timer,30,3320
52305,CYCLE,2326,4095,30,open
52366,VERIFY,confirmed,6
52371,OPEN,ok,30,3320,3,1458,158,2008
52971,BOOT,timer,3320,3320
52976,CYCLE,130,164,3320,close
53037,VERIFY,confirmed,6
53042,CLOSE,ok,3320,30,3,1413,158,1982
53642,BOOT,timer,30,3320
53647,CYCLE,608,4095,30,keep
54247,BOOT,timer,30,3320
54252,CYCLE,1015,4095,30,keep
54852,BOOT,timer,30,3320
54858,CYCLE,2007,4095,30,open
54918,VERIFY,confirmed,6
54923,OPEN,ok,30,3320,3,1424,159,2006
55523,BOOT,timer,3320,3320
55528,CYCLE,121,153,3320,close
55589,VERIFY,confirmed,6
55594,CLOSE,ok,3320,30,3,1393,159,1987
56194,BOOT,timer,30,3320
56199,CYCLE,462,892,30,keep
56799,BOOT,timer,30,3320
56804,CYCLE,593,4095,30,keep
57405,BOOT,timer,30,3320
57410,CYCLE,699,4095,30,keep
58010,BOOT,timer,30,3320
58015,CYCLE,1501,4095,30,keep
58615,BOOT,timer,30,3320
58620,CYCLE,2277,4095,30,open
58680,VERIFY,confirmed,6
58685,OPEN,ok,30,3320,3,1399,151,1996
59286,BOOT,timer,3320,3320
59291,CYCLE,116,147,3320,close
59351,VERIFY,confirmed,6
59356,CLOSE,ok,3320,30,4,1340,151,1998
59956,BOOT,timer,30,3320
59961,CYCLE,361,632,30,keep
60562,BOOT,timer,30,3320
60567,CYCLE,384,694,30,keep
61167,BOOT,timer,30,3320
61172,CYCLE,405,748,30,keep
61772,BOOT,timer,30,3320
61777,CYCLE,460,936,30,keep
62377,BOOT,timer,30,3320
62382,CYCLE,472,1163,30,keep
62982,BOOT,timer,30,3320
62987,CYCLE,477,4095,30,keep
63588,BOOT,timer,30,3320
63593,CYCLE,499,4095,30,keep
64193,BOOT,timer,30,3320
64198,CYCLE,534,4095,30,keep
64798,BOOT,timer,30,3320
64803,CYCLE,556,4095,30,keep
65403,BOOT,timer,30,3320
65408,CYCLE,619,4095,30,keep
66008,BOOT,timer,30,3320
66014,CYCLE,650,4095,30,keep
66614,BOOT,timer,30,3320
66619,CYCLE,700,4095,30,keep
67219,BOOT,timer,30,3320
67224,CYCLE,746,4095,30,keep
67824,BOOT,timer,30,3320
67829,CYCLE,742,4095,30,keep
68429,BOOT,timer,30,3320
68434,CYCLE,778,4095,30,keep
69034,BOOT,timer,30,3320
69039,CYCLE,1901,4095,30,keep
69259,BOOT,button,30,3320
69264,CYCLE,1778,4095,30,keep
0,BOOT,cold,-1,3320
0,CALIB,enter,-1,3320
0,BOOT,cold,-1,3320
0,CALIB,enter,-1,3320
